Component,Hyperparameter,Value,Description
LSTM,hidden_size,128.0,Hidden units per layer
LSTM,num_layers,2.0,Number of LSTM layers
LSTM,learning_rate,0.001,Adam optimizer learning rate
Transformer,d_model,128.0,Model dimension
Transformer,nhead,8.0,Number of attention heads
Transformer,learning_rate,0.0001,AdamW optimizer learning rate
PPO,learning_rate,0.0003,Policy optimizer learning rate
PPO,gamma,0.99,Discount factor
PPO,epsilon,0.2,PPO clipping parameter
Federated Learning,num_clients,5.0,Number of federated clients
Federated Learning,num_rounds,10.0,Federated learning rounds
Federated Learning,local_epochs,5.0,Local training epochs per round
